id;first_name;last_name;middle_name;data_of_birth;created_at;update_at
2;Александр;Попов;Евгеньевич;1985-03-30;2013-12-28 18:38:09;2013-12-28 18:38:09
3;Михаил;Татарков;Васильевич;2000-07-09;2013-12-30 18:37:03;2013-12-30 18:37:03
4;Юлия;Корнилова;Сергеевна;1990-04-30;2013-12-30 19:22:02;2013-12-30 19:22:02
5;Андрей;Киселев;Юрьевич;1984-01-24;2013-12-30 19:33:57;2013-12-30 19:33:57
6;Матвей;Бесков;Никитович;1976-07-20;2020-05-12 18:37:02;2020-05-12 18:37:02
7;Екатерина;Бурлаку;Олеговна;2000-04-16;2020-05-12 18:37:34;2020-05-12 18:37:34
8;Сергей;Тищенко;Сергеевич;1999-08-30;2020-05-12 18:37:38;2020-05-12 18:37:38
9;Анна;Седлецкая;Игоревна;2001-06-25;2020-05-12 18:37:44;2020-05-12 18:37:44
10;Виталий;Андреев;Игорьевич;1990-11-17;2020-05-12 18:37:44;2020-05-12 18:37:44
11;Ксения;Шакирова;Альбертовна;2000-09-27;2020-05-12 18:37:46;2020-05-12 18:37:46
12;Геннадий;Кольчурин;Викторович;1996-05-12;2020-05-12 18:39:10;2020-05-12 18:39:10
13;Нина;Богомол;Алексеевна;2002-04-03;2020-05-12 18:39:39;2020-05-12 18:39:39
14;Юлия;Старокожева;Сергеевна;2000-10-26;2020-05-12 18:39:54;2020-05-12 18:39:54
15;Ксения;Вишневская;Борисовна;1981-08-16;2020-05-12 18:40:01;2020-05-12 18:40:01
16;Степан;Абраменко;Иванович;1971-08-30;2020-05-12 18:40:25;2020-05-12 18:40:25
17;Нина;Серова;Олесьевна;2001-01-19;2020-05-12 18:40:26;2020-05-12 18:40:26
18;Алина;Паристова;Алексеевна;1957-11-19;2020-05-12 18:40:45;2020-05-12 18:40:45
19;Екатерина;Беднова;Владимировна;1956-11-11;2020-05-12 18:40:45;2020-05-12 18:40:45
20;Магомет;Амиров;Ахмедович;1992-06-27;2020-05-12 18:40:57;2020-05-12 18:40:57
21;Зульфугар;Бабаев;Новрузали;1953-02-06;2020-05-12 18:41:20;2020-05-12 18:41:20
22;Павел;Гурьянов;Германович;1955-08-02;2020-05-12 18:41:30;2020-05-12 18:41:30
23;Валентин;Богатов;Александрович;1998-05-01;2020-05-12 18:41:59;2020-05-12 18:41:59
24;Виктория;Абызова;Юрьевна;2000-08-01;2020-05-12 18:42:07;2020-05-12 18:42:07
25;Дахир;Хатуев;Мамедович;1990-08-21;2020-05-12 18:42:13;2020-05-12 18:42:13
26;Максим;Королев;Александрович;2001-02-18;2021-04-12 18:42:21;2021-04-12 18:42:21
27;Валерия;Валиева;Романовна;1993-01-02;2021-04-10 18:42:21;2021-04-10 18:42:21
28;Игорь;Бердников;Андреевич;1977-10-25;2021-04-08 18:42:21;2021-04-08 18:42:21
29;Алексей;Симонов;Викторович;1999-02-09;2021-04-12 18:42:21;2021-04-12 18:42:21
30;Руслан;Косолапов;Сергеевич;1993-02-01;2020-05-12 18:43:47;2020-05-12 18:43:47
31;Иван;Ревякин;Юрьевич;2002-03-31;2020-05-12 18:44:10;2020-05-12 18:44:10
32;Виктор;Телегин;Николаевич;1992-07-02;2020-05-12 18:44:25;2020-05-12 18:44:25
33;Александр;Войнов;Владимирович;1992-04-02;2020-05-12 18:44:51;2020-05-12 18:44:51
34;Ефим;Попов;Николаевич;2000-03-15;2020-05-12 18:45:17;2020-05-12 18:45:17
35;Екатерина;Смирнова;Сергеевна;1979-10-12;2020-05-12 18:45:17;2020-05-12 18:45:17
36;Надежда;Трухнева;Геннадиевна;1986-05-04;2020-05-12 18:45:32;2020-05-12 18:45:32
37;Роман;Иванов;Владимирович;1978-06-16;2020-05-12 18:46:19;2020-05-12 18:46:19
38;Евгений;Чучалин;Викторович;2002-05-04;2020-05-12 18:46:42;2020-05-12 18:46:42
39;Александр;Камский;Сергеевич;1977-12-15;2020-05-12 18:47:06;2020-05-12 18:47:06
40;Каиржан;Душанов;Хасанович;1997-07-04;2020-05-12 18:47:52;2020-05-12 18:47:52
41;Соня;Маркосян;Ервандовна;1980-04-04;2020-05-12 18:48:03;2020-05-12 18:48:03
42;Миляуша;Гильфанова;Эдуардовна;1984-04-26;2020-05-12 18:48:38;2020-05-12 18:48:38
43;Михаил;Чернявский;Сергеевич;1967-03-06;2020-05-12 18:48:40;2020-05-12 18:48:40
44;Валерий;Романов;Александрович;1958-05-03;2020-05-12 18:48:53;2020-05-12 18:48:53
45;Алиса;Забитова;Руслановна;1996-04-24;2020-05-12 18:48:55;2020-05-12 18:48:55
46;Роман;Ягодников;Олегович;2002-02-03;2020-05-12 18:49:14;2020-05-12 18:49:14
47;Алексей;Городских;Андреевич;1987-02-09;2020-05-12 18:49:38;2020-05-12 18:49:38
48;Александр;Федонов;Александрович;1972-02-08;2020-05-12 18:49:38;2020-05-12 18:49:38
49;Юлия;Кривова;Сергеевна;1998-01-01;2020-05-12 18:50:45;2020-05-12 18:50:45
50;Андрей;Панчин;Дезидерович;1975-11-04;2020-05-12 18:50:58;2020-05-12 18:50:58
51;Адам;Эстамулов;Салавдинович;1977-03-09;2020-05-12 18:51:06;2020-05-12 18:51:06
52;Георгий;Крылов;Александрович;1977-08-31;2020-05-12 18:51:17;2020-05-12 18:51:17
53;Мазахир;Гасанов;Латиф Оглы;1996-07-14;2020-05-12 18:51:35;2020-05-12 18:51:35
54;Александр;Негодин;Юрьевич;1998-05-15;2020-05-12 18:51:45;2020-05-12 18:51:45
55;Руслан;Якимов;Артемович;1996-04-13;2020-05-12 18:51:49;2020-05-12 18:51:49
56;Кристина;Якубец;Александровна;2002-05-02;2020-05-12 18:52:54;2020-05-12 18:52:54
57;Марина;Фокеева;Ильдусовна;2002-04-06;2020-05-12 18:53:55;2020-05-12 18:53:55
58;Артур;Габоян;Самвелович;1981-02-09;2020-05-12 18:54:29;2020-05-12 18:54:29
59;Виктор;Элькинд;Леонидович;1987-06-28;2020-05-12 18:54:52;2020-05-12 18:54:52
60;Салимат;Бисилова;Сейтбиевна;2000-01-05;2020-05-12 18:55:28;2020-05-12 18:55:28
61;Андрей;Ермаков;Борисович;1988-10-03;2020-05-12 18:55:33;2020-05-12 18:55:33
62;Евгения;Кукина;Владимировна;1987-08-05;2020-05-12 18:55:42;2020-05-12 18:55:42
63;Наталья;Тюрина;Викторовна;1983-02-03;2020-05-12 18:55:50;2020-05-12 18:55:50
64;Никита;Бабалыков;Геннадьевич;1993-10-12;2020-05-12 18:55:57;2020-05-12 18:55:57
65;Салман;Балакишиев;Габибович;1978-11-19;2020-05-12 18:56:24;2020-05-12 18:56:24
66;Надежда;Никонова;Сергеевна;1990-12-18;2020-05-12 18:56:34;2020-05-12 18:56:34
67;Екатерина;Капаева;Александровна;1975-09-05;2020-05-12 18:56:48;2020-05-12 18:56:48
68;Александр;Слишаевас;Дейвис-Александрасович;1995-08-29;2020-05-12 18:56:48;2020-05-12 18:56:48
69;Ольга;Старикова;Владимировна;1996-04-16;2020-05-12 18:57:05;2020-05-12 18:57:05
70;Андрей;Казанкин;Владимирович;1970-11-26;2020-05-12 18:57:05;2020-05-12 18:57:05
71;Сергей;Прешпективных;Иванович;1972-04-17;2014-02-22 20:10:58;2014-02-22 20:10:58
72;Владислав;Цеповязов;Олегович;2002-02-18;2014-02-22 22:14:34;2014-02-22 22:14:34
73;Александр;Храмеев;Юрьевич;1992-03-20;2014-02-23 13:44:49;2014-02-23 13:44:49
74;Шамиль;Сафин;Ришадович;1986-08-20;2014-02-24 11:42:51;2014-02-24 11:42:51
75;Александр;Горшенин;Геннадьевич;1979-09-05;2014-02-24 12:04:19;2014-02-24 12:04:19
76;Максим;Скоромец;Игоревич;1989-02-20;2014-02-24 12:54:11;2014-02-24 12:54:11
77;Евгений;Масленников;Иванович;1983-03-28;2014-02-24 15:39:37;2014-02-24 15:39:37
78;Евгений;Баяндин;Леонидович;1949-09-27;2014-02-24 15:45:16;2014-02-24 15:45:16
79;Ирек;Мударисов;Флурович;1992-04-14;2014-02-24 17:17:31;2014-02-24 17:17:31
80;Екатерина;Пережогина;Ивановна;1991-06-03;2014-02-24 17:59:16;2014-02-24 17:59:16
81;Марк;Стукан;Игоревич;1995-12-11;2014-02-24 18:45:48;2014-02-24 18:45:48
82;Алевтина;Рябокрис;Алексеевна;1977-08-05;2014-02-25 09:25:05;2014-02-25 09:25:05
83;Сергей;Омельченко;Васильевич;1972-05-02;2014-02-25 09:57:07;2014-02-25 09:57:07
84;Ольга;Федотова;Анатольевна;1996-05-20;2014-02-25 10:07:47;2014-02-25 10:07:47
85;Элисо;Куталия;Корнеловна;1980-03-19;2014-02-25 10:20:07;2014-02-25 10:20:07
86;Григорий;Юренко;Николаевич;2000-03-06;2014-02-25 10:26:59;2014-02-25 10:26:59
87;Антон;Акиншин;Игоревич;1990-04-05;2014-02-25 10:48:21;2014-02-25 10:48:21
88;Жанна;Родионова;Витальевна;1980-04-22;2014-02-25 11:04:02;2014-02-25 11:04:02
89;Шамшод;Азизов;Кодирович;1960-02-05;2014-02-25 11:29:36;2014-02-25 11:29:36
90;Вячеслав;Конопленко;Александрович;1990-08-27;2014-02-25 11:54:11;2014-02-25 11:54:11
91;Нина;Сычёва;Евгеньевна;1986-06-13;2014-02-25 12:06:18;2014-02-25 12:06:18
92;Анастасия;Сканцева;Дмитриевна;1978-02-13;2014-02-25 12:12:20;2014-02-25 12:12:20
93;Сергей;Губин;Вячеславович;1981-02-09;2014-02-25 12:16:32;2014-02-25 12:16:32
94;Анна;Пименова;Валерьевна;1962-04-25;2014-02-25 12:30:35;2014-02-25 12:30:35
95;Даниил;Прасолов;Андреевич;1966-03-27;2014-02-25 12:39:31;2014-02-25 12:39:31
96;Раиль;Харрасов;Рамилевич;1980-03-25;2014-02-25 12:41:53;2014-02-25 12:41:53
97;Вадим;Телятников;Юрьевич;1981-11-24;2014-02-25 12:53:56;2014-02-25 12:53:56
98;Михаил;Марков;Олегович;1988-10-01;2014-02-25 13:12:40;2014-02-25 13:12:40
99;Владимир;Лукиянчиков;Сергеевич;1950-09-20;2014-02-25 13:29:54;2014-02-25 13:29:54
100;Александр;Неустроев;Васильевич;1978-12-17;2014-02-25 13:37:06;2014-02-25 13:37:06
502;Василий;Зайцев;Семенович;1984-07-17;2014-02-25 13:37:06;2014-02-25 13:37:06
